game,date,1,2,3,4,5,6,bonus
1024,2022.07.16,9,18,20,22,38,44,10
1023,2022.07.09,10,14,16,18,29,35,25
1022,2022.07.02,5,6,11,29,42,45,28
1021,2022.06.25,12,15,17,24,29,45,16
1020,2022.06.18,12,27,29,38,41,45,6
1019,2022.06.11,1,4,13,17,34,39,6
1018,2022.06.04,3,19,21,25,37,45,35
1017,2022.05.28,12,18,22,23,30,34,32
1016,2022.05.21,15,26,28,34,41,42,44
1015,2022.05.14,14,23,31,33,37,40,44
1014,2022.05.07,3,11,14,18,26,27,21
1013,2022.04.30,21,22,26,34,36,41,32
1012,2022.04.23,5,11,18,20,35,45,3
1011,2022.04.16,1,9,12,26,35,38,42
1010,2022.04.09,9,12,15,25,34,36,3
1009,2022.04.02,15,23,29,34,40,44,20
1008,2022.03.26,9,11,30,31,41,44,33
1007,2022.03.19,8,11,16,19,21,25,40
1006,2022.03.12,8,11,15,16,17,37,36
1005,2022.03.05,8,13,18,24,27,29,17
1004,2022.02.26,7,15,30,37,39,44,18
1003,2022.02.19,1,4,29,39,43,45,31
1002,2022.02.12,17,25,33,35,38,45,15
1001,2022.02.05,6,10,12,14,20,42,15
1000,2022.01.29,2,8,19,22,32,42,39
999,2022.01.22,1,3,9,14,18,28,34
998,2022.01.15,13,17,18,20,42,45,41
997,2022.01.08,4,7,14,16,24,44,20
996,2022.01.01,6,11,15,24,32,39,28
995,2021.12.25,1,4,13,29,38,39,7
994,2021.12.18,1,3,8,24,27,35,28
993,2021.12.11,6,14,16,18,24,42,44
992,2021.12.04,12,20,26,33,44,45,24
991,2021.11.27,13,18,25,31,33,44,38
990,2021.11.20,2,4,25,26,36,37,28
989,2021.11.13,17,18,21,27,29,33,26
988,2021.11.06,2,13,20,30,31,41,27
987,2021.10.30,2,4,15,23,29,38,7
986,2021.10.23,7,10,16,28,41,42,40
985,2021.10.16,17,21,23,30,34,44,19
984,2021.10.09,3,10,23,35,36,37,18
983,2021.10.02,13,23,26,31,35,43,15
982,2021.09.25,5,7,13,20,21,44,33
981,2021.09.18,27,36,37,41,43,45,32
980,2021.09.11,3,13,16,23,24,35,14
979,2021.09.04,7,11,16,21,27,33,24
978,2021.08.28,1,7,15,32,34,42,8
977,2021.08.21,2,9,10,14,22,44,16
976,2021.08.14,4,12,14,25,35,37,2
975,2021.08.07,7,8,9,17,22,24,5
974,2021.07.31,1,2,11,16,39,44,32
973,2021.07.24,22,26,31,37,41,42,24
972,2021.07.17,3,6,17,23,37,39,26
971,2021.07.10,2,6,17,18,21,26,7
970,2021.07.03,9,11,16,21,28,36,5
969,2021.06.26,3,9,10,29,40,45,7
968,2021.06.19,2,5,12,14,24,39,33
967,2021.06.12,1,6,13,37,38,40,9
966,2021.06.05,1,21,25,29,34,37,36
965,2021.05.29,2,13,25,28,29,36,34
964,2021.05.22,6,21,36,38,39,43,30
963,2021.05.15,6,12,19,23,34,42,35
962,2021.05.08,1,18,28,31,34,43,40
961,2021.05.01,11,20,29,31,33,42,43
960,2021.04.24,2,18,24,30,32,45,14
959,2021.04.17,1,14,15,24,40,41,35
958,2021.04.10,2,9,10,16,35,37,1
957,2021.04.03,4,15,24,35,36,40,1
956,2021.03.27,10,11,20,21,25,41,40
955,2021.03.20,4,9,23,26,29,33,8
954,2021.03.13,1,9,26,28,30,41,32
953,2021.03.06,7,9,22,27,37,42,34
952,2021.02.27,4,12,22,24,33,41,38
951,2021.02.20,2,12,30,31,39,43,38
950,2021.02.13,3,4,15,22,28,40,10
949,2021.02.06,14,21,35,36,40,44,30
948,2021.01.30,13,18,30,31,38,41,5
947,2021.01.23,3,8,17,20,27,35,26
946,2021.01.16,9,18,19,30,34,40,20
945,2021.01.09,9,10,15,30,33,37,26
944,2021.01.02,2,13,16,19,32,33,42
943,2020.12.26,1,8,13,36,44,45,39
942,2020.12.19,10,12,18,35,42,43,39
941,2020.12.12,12,14,25,27,39,40,35
940,2020.12.05,3,15,20,22,24,41,11
939,2020.11.28,4,11,28,39,42,45,6
938,2020.11.21,4,8,10,16,31,36,9
937,2020.11.14,2,10,13,22,29,40,26
936,2020.11.07,7,11,13,17,18,29,43
935,2020.10.31,4,10,20,32,38,44,18
934,2020.10.24,1,3,30,33,36,39,12
933,2020.10.17,23,27,29,31,36,45,37
932,2020.10.10,1,6,15,36,37,38,5
931,2020.10.03,14,15,23,25,35,43,32
930,2020.09.26,8,21,25,38,39,44,28
929,2020.09.19,7,9,12,15,19,23,4
928,2020.09.12,3,4,10,20,28,44,30
927,2020.09.05,4,15,22,38,41,43,26
926,2020.08.29,10,16,18,20,25,31,6
925,2020.08.22,13,24,32,34,39,42,4
924,2020.08.15,3,11,34,42,43,44,13
923,2020.08.08,3,17,18,23,36,41,26
922,2020.08.01,2,6,13,17,27,43,36
921,2020.07.25,5,7,12,22,28,41,1
920,2020.07.18,2,3,26,33,34,43,29
919,2020.07.11,9,14,17,18,42,44,35
918,2020.07.04,7,11,12,31,33,38,5
917,2020.06.27,1,3,23,24,27,43,34
916,2020.06.20,6,21,22,32,35,36,17
915,2020.06.13,2,6,11,13,22,37,14
914,2020.06.06,16,19,24,33,42,44,27
913,2020.05.30,6,14,16,21,27,37,40
912,2020.05.23,5,8,18,21,22,38,10
911,2020.05.16,4,5,12,14,32,42,35
910,2020.05.09,1,11,17,27,35,39,31
909,2020.05.02,7,24,29,30,34,35,33
908,2020.04.25,3,16,21,22,23,44,30
907,2020.04.18,21,27,29,38,40,44,37
906,2020.04.11,2,5,14,28,31,32,20
905,2020.04.04,3,4,16,27,38,40,20
904,2020.03.28,2,6,8,26,43,45,11
903,2020.03.21,2,15,16,21,22,28,45
902,2020.03.14,7,19,23,24,36,39,30
901,2020.03.07,5,18,20,23,30,34,21
900,2020.02.29,7,13,16,18,35,38,14
899,2020.02.22,8,19,20,21,33,39,37
898,2020.02.15,18,21,28,35,37,42,17
897,2020.02.08,6,7,12,22,26,36,29
896,2020.02.01,5,12,25,26,38,45,23
895,2020.01.25,16,26,31,38,39,41,23
894,2020.01.18,19,32,37,40,41,43,45
893,2020.01.11,1,15,17,23,25,41,10
892,2020.01.04,4,9,17,18,26,42,36
891,2019.12.28,9,13,28,31,39,41,19
890,2019.12.21,1,4,14,18,29,37,6
889,2019.12.14,3,13,29,38,39,42,26
888,2019.12.07,3,7,12,31,34,38,32
887,2019.11.30,8,14,17,27,36,45,10
886,2019.11.23,19,23,28,37,42,45,2
885,2019.11.16,1,3,24,27,39,45,31
884,2019.11.09,4,14,23,28,37,45,17
883,2019.11.02,9,18,32,33,37,44,22
882,2019.10.26,18,34,39,43,44,45,23
881,2019.10.19,4,18,20,26,27,32,9
880,2019.10.12,7,17,19,23,24,45,38
879,2019.10.05,1,4,10,14,15,35,20
878,2019.09.28,2,6,11,16,25,31,3
877,2019.09.21,5,17,18,22,23,43,12
876,2019.09.14,5,16,21,26,34,42,24
875,2019.09.07,19,22,30,34,39,44,36
874,2019.08.31,1,15,19,23,28,42,32
873,2019.08.24,3,5,12,13,33,39,38
872,2019.08.17,2,4,30,32,33,43,29
871,2019.08.10,2,6,12,26,30,34,38
870,2019.08.03,21,25,30,32,40,42,31
869,2019.07.27,2,6,20,27,37,39,4
868,2019.07.20,12,17,28,41,43,44,25
867,2019.07.13,14,17,19,22,24,40,41
866,2019.07.06,9,15,29,34,37,39,12
865,2019.06.29,3,15,22,32,33,45,2
864,2019.06.22,3,7,10,13,25,36,32
863,2019.06.15,16,21,28,35,39,43,12
862,2019.06.08,10,34,38,40,42,43,32
861,2019.06.01,11,17,19,21,22,25,24
860,2019.05.25,4,8,18,25,27,32,42
859,2019.05.18,8,22,35,38,39,41,24
858,2019.05.11,9,13,32,38,39,43,23
857,2019.05.04,6,10,16,28,34,38,43
856,2019.04.27,10,24,40,41,43,44,17
855,2019.04.20,8,15,17,19,43,44,7
854,2019.04.13,20,25,31,32,36,43,3
853,2019.04.06,2,8,23,26,27,44,13
852,2019.03.30,11,17,28,30,33,35,9
851,2019.03.23,14,18,22,26,31,44,40
850,2019.03.16,16,20,24,28,36,39,5
849,2019.03.09,5,13,17,29,34,39,3
848,2019.03.02,1,2,16,22,38,39,34
847,2019.02.23,12,16,26,28,30,42,22
846,2019.02.16,5,18,30,41,43,45,13
845,2019.02.09,1,16,29,33,40,45,6
844,2019.02.02,7,8,13,15,33,45,18
843,2019.01.26,19,21,30,33,34,42,4
842,2019.01.19,14,26,32,36,39,42,38
841,2019.01.12,5,11,14,30,33,38,24
840,2019.01.05,2,4,11,28,29,43,27
839,2018.12.29,3,9,11,12,13,19,35
838,2018.12.22,9,14,17,33,36,38,20
837,2018.12.15,2,25,28,30,33,45,6
836,2018.12.08,1,9,11,14,26,28,19
835,2018.12.01,9,10,13,28,38,45,35
834,2018.11.24,6,8,18,35,42,43,3
833,2018.11.17,12,18,30,39,41,42,19
832,2018.11.10,13,14,19,26,40,43,30
831,2018.11.03,3,10,16,19,31,39,9
830,2018.10.27,5,6,16,18,37,38,17
829,2018.10.20,4,5,31,35,43,45,29
828,2018.10.13,4,7,13,29,31,39,18
827,2018.10.06,5,11,12,29,33,44,14
826,2018.09.29,13,16,24,25,33,36,42
825,2018.09.22,8,15,21,31,33,38,42
824,2018.09.15,7,9,24,29,34,38,26
823,2018.09.08,12,18,24,26,39,40,15
822,2018.09.01,9,18,20,24,27,36,12
821,2018.08.25,1,12,13,24,29,44,16
820,2018.08.18,10,21,22,30,35,42,6
819,2018.08.11,16,25,33,38,40,45,15
818,2018.08.04,14,15,25,28,29,30,3
817,2018.07.28,3,9,12,13,25,43,34
816,2018.07.21,12,18,19,29,31,39,7
815,2018.07.14,17,21,25,26,27,36,4
814,2018.07.07,2,21,28,38,42,45,30
813,2018.06.30,11,30,34,35,42,44,27
812,2018.06.23,1,3,12,14,16,43,10
811,2018.06.16,8,11,19,21,36,45,25
810,2018.06.09,5,10,13,21,39,43,11
809,2018.06.02,6,11,15,17,23,40,39
808,2018.05.26,15,21,31,32,41,43,24
807,2018.05.19,6,10,18,25,34,35,33
806,2018.05.12,14,20,23,31,37,38,27
805,2018.05.05,3,12,13,18,31,32,42
804,2018.04.28,1,10,13,26,32,36,9
803,2018.04.21,5,9,14,26,30,43,2
802,2018.04.14,10,11,12,18,24,42,27
801,2018.04.07,17,25,28,37,43,44,2
800,2018.03.31,1,4,10,12,28,45,26
799,2018.03.24,12,17,23,34,42,45,33
798,2018.03.17,2,10,14,22,32,36,41
797,2018.03.10,5,22,31,32,39,45,36
796,2018.03.03,1,21,26,36,40,41,5
795,2018.02.24,3,10,13,26,34,38,36
794,2018.02.17,6,7,18,19,30,38,13
793,2018.02.10,10,15,21,35,38,43,31
792,2018.02.03,2,7,19,25,29,36,16
791,2018.01.27,2,10,12,31,33,42,32
790,2018.01.20,3,8,19,27,30,41,12
789,2018.01.13,2,6,7,12,19,45,38
788,2018.01.06,2,10,11,19,35,39,29
787,2017.12.30,5,6,13,16,27,28,9
786,2017.12.23,12,15,16,20,24,30,38
785,2017.12.16,4,6,15,25,26,33,40
784,2017.12.09,3,10,23,24,31,39,22
783,2017.12.02,14,15,16,17,38,45,36
782,2017.11.25,6,18,31,34,38,45,20
781,2017.11.18,11,16,18,19,24,39,43
780,2017.11.11,15,17,19,21,27,45,16
779,2017.11.04,6,12,19,24,34,41,4
778,2017.10.28,6,21,35,36,37,41,11
777,2017.10.21,6,12,17,21,34,37,18
776,2017.10.14,8,9,18,21,28,40,20
775,2017.10.07,11,12,29,33,38,42,17
774,2017.09.30,12,15,18,28,34,42,9
773,2017.09.23,8,12,19,21,31,35,44
772,2017.09.16,5,6,11,14,21,41,32
771,2017.09.09,6,10,17,18,21,29,30
770,2017.09.02,1,9,12,23,39,43,34
769,2017.08.26,5,7,11,16,41,45,4
768,2017.08.19,7,27,29,30,38,44,4
767,2017.08.12,5,15,20,31,34,42,22
766,2017.08.05,9,30,34,35,39,41,21
765,2017.07.29,1,3,8,12,42,43,33
764,2017.07.22,7,22,24,31,34,36,15
763,2017.07.15,3,8,16,32,34,43,10
762,2017.07.08,1,3,12,21,26,41,16
761,2017.07.01,4,7,11,24,42,45,30
760,2017.06.24,10,22,27,31,42,43,12
759,2017.06.17,9,33,36,40,42,43,32
758,2017.06.10,5,9,12,30,39,43,24
757,2017.06.03,6,7,11,17,33,44,1
756,2017.05.27,10,14,16,18,27,28,4
755,2017.05.20,13,14,26,28,30,36,37
754,2017.05.13,2,8,17,24,29,31,32
753,2017.05.06,2,17,19,24,37,41,3
752,2017.04.29,4,16,20,33,40,43,7
751,2017.04.22,3,4,16,20,28,44,17
750,2017.04.15,1,2,15,19,24,36,12
749,2017.04.08,12,14,24,26,34,45,41
748,2017.04.01,3,10,13,22,31,32,29
747,2017.03.25,7,9,12,14,23,28,17
746,2017.03.18,3,12,33,36,42,45,25
745,2017.03.11,1,2,3,9,12,23,10
744,2017.03.04,10,15,18,21,34,41,43
743,2017.02.25,15,19,21,34,41,44,10
742,2017.02.18,8,10,13,36,37,40,6
741,2017.02.11,5,21,27,34,44,45,16
740,2017.02.04,4,8,9,16,17,19,31
739,2017.01.28,7,22,29,33,34,35,30
738,2017.01.21,23,27,28,38,42,43,36
737,2017.01.14,13,15,18,24,27,41,11
736,2017.01.07,2,11,17,18,21,27,6
735,2016.12.31,5,10,13,27,37,41,4
734,2016.12.24,6,16,37,38,41,45,18
733,2016.12.17,11,24,32,33,35,40,13
732,2016.12.10,2,4,5,17,27,32,43
731,2016.12.03,2,7,13,25,42,45,39
730,2016.11.26,4,10,14,15,18,22,39
729,2016.11.19,11,17,21,26,36,45,16
728,2016.11.12,3,6,10,30,34,37,36
727,2016.11.05,7,8,10,19,21,31,20
726,2016.10.29,1,11,21,23,34,44,24
725,2016.10.22,6,7,19,21,41,43,38
724,2016.10.15,2,8,33,35,37,41,14
723,2016.10.08,20,30,33,35,36,44,22
722,2016.10.01,12,14,21,30,39,43,45
721,2016.09.24,1,28,35,41,43,44,31
720,2016.09.17,1,12,29,34,36,37,41
719,2016.09.10,4,8,13,19,20,43,26
718,2016.09.03,4,11,20,23,32,39,40
717,2016.08.27,2,11,19,25,28,32,44
716,2016.08.20,2,6,13,16,29,30,21
715,2016.08.13,2,7,27,33,41,44,10
714,2016.08.06,1,7,22,33,37,40,20
713,2016.07.30,2,5,15,18,19,23,44
712,2016.07.23,17,20,30,31,33,45,19
711,2016.07.16,11,15,24,35,37,45,42
710,2016.07.09,3,4,9,24,25,33,10
709,2016.07.02,10,18,30,36,39,44,32
708,2016.06.25,2,10,16,19,34,45,1
707,2016.06.18,2,12,19,24,39,44,35
706,2016.06.11,3,4,6,10,28,30,37
705,2016.06.04,1,6,17,22,28,45,23
704,2016.05.28,1,4,8,23,33,42,45
703,2016.05.21,10,28,31,33,41,44,21
702,2016.05.14,3,13,16,24,26,29,9
701,2016.05.07,3,10,14,16,36,38,35
700,2016.04.30,11,23,28,29,30,44,13
699,2016.04.23,4,5,8,16,21,29,3
698,2016.04.16,3,11,13,21,33,37,18
697,2016.04.09,2,5,8,11,33,39,31
696,2016.04.02,1,7,16,18,34,38,21
695,2016.03.26,4,18,26,33,34,38,14
694,2016.03.19,7,15,20,25,33,43,12
693,2016.03.12,1,6,11,28,34,42,30
692,2016.03.05,3,11,14,15,32,36,44
691,2016.02.27,15,27,33,35,43,45,16
690,2016.02.20,24,25,33,34,38,39,43
689,2016.02.13,7,17,19,30,36,38,34
688,2016.02.06,5,15,22,23,34,35,2
687,2016.01.30,1,8,10,13,28,42,45
686,2016.01.23,7,12,15,24,25,43,13
685,2016.01.16,6,7,12,28,38,40,18
684,2016.01.09,1,11,15,17,25,39,40
683,2016.01.02,6,13,20,27,28,40,15
682,2015.12.26,17,23,27,35,38,43,2
681,2015.12.19,21,24,27,29,43,44,7
680,2015.12.12,4,10,19,29,32,42,30
679,2015.12.05,3,5,7,14,26,34,35
678,2015.11.28,4,5,6,12,25,37,45
677,2015.11.21,12,15,24,36,41,44,42
676,2015.11.14,1,8,17,34,39,45,27
675,2015.11.07,1,8,11,15,18,45,7
674,2015.10.31,9,10,14,25,27,31,11
673,2015.10.24,7,10,17,29,33,44,5
672,2015.10.17,8,21,28,31,36,45,43
671,2015.10.10,7,9,10,13,31,35,24
670,2015.10.03,11,18,26,27,40,41,25
669,2015.09.26,7,8,20,29,33,38,9
668,2015.09.19,12,14,15,24,27,32,3
667,2015.09.12,15,17,25,37,42,43,13
666,2015.09.05,2,4,6,11,17,28,16
665,2015.08.29,5,6,11,17,38,44,13
664,2015.08.22,10,20,33,36,41,44,5
663,2015.08.15,3,5,8,19,38,42,20
662,2015.08.08,5,6,9,11,15,37,26
661,2015.08.01,2,3,12,20,27,38,40
660,2015.07.25,4,9,23,33,39,44,14
659,2015.07.18,7,18,19,27,29,42,45
658,2015.07.11,8,19,25,28,32,36,37
657,2015.07.04,10,14,19,39,40,43,23
656,2015.06.27,3,7,14,16,31,40,39
655,2015.06.20,7,37,38,39,40,44,18
654,2015.06.13,16,21,26,31,36,43,6
653,2015.06.06,5,6,26,27,38,39,1
652,2015.05.30,3,13,15,40,41,44,20
651,2015.05.23,11,12,16,26,29,44,18
650,2015.05.16,3,4,7,11,31,41,35
649,2015.05.09,3,21,22,33,41,42,20
648,2015.05.02,13,19,28,37,38,43,4
647,2015.04.25,5,16,21,23,24,30,29
646,2015.04.18,2,9,24,41,43,45,30
645,2015.04.11,1,4,16,26,40,41,31
644,2015.04.04,5,13,17,23,28,36,8
643,2015.03.28,15,24,31,32,33,40,13
642,2015.03.21,8,17,18,24,39,45,32
641,2015.03.14,11,18,21,36,37,43,12
640,2015.03.07,14,15,18,21,26,35,23
639,2015.02.28,6,15,22,23,25,32,40
638,2015.02.21,7,18,22,24,31,34,6
637,2015.02.14,3,16,22,37,38,44,23
636,2015.02.07,6,7,15,16,20,31,26
635,2015.01.31,11,13,25,26,29,33,32
634,2015.01.24,4,10,11,12,20,27,38
633,2015.01.17,9,12,19,20,39,41,13
632,2015.01.10,15,18,21,32,35,44,6
631,2015.01.03,1,2,4,23,31,34,8
630,2014.12.27,8,17,21,24,27,31,15
629,2014.12.20,19,28,31,38,43,44,1
628,2014.12.13,1,7,12,15,23,42,11
627,2014.12.06,2,9,22,25,31,45,12
626,2014.11.29,13,14,26,33,40,43,15
625,2014.11.22,3,6,7,20,21,39,13
624,2014.11.15,1,7,19,26,27,35,16
623,2014.11.08,7,13,30,39,41,45,25
622,2014.11.01,9,15,16,21,28,34,24
621,2014.10.25,1,2,6,16,19,42,9
620,2014.10.18,2,16,17,32,39,45,40
619,2014.10.11,6,8,13,30,35,40,21
618,2014.10.04,8,16,25,30,42,43,15
617,2014.09.27,4,5,11,12,24,27,28
616,2014.09.20,5,13,18,23,40,45,3
615,2014.09.13,10,17,18,19,23,27,35
614,2014.09.06,8,21,25,39,40,44,18
613,2014.08.30,7,8,11,16,41,44,35
612,2014.08.23,6,9,18,19,25,33,40
611,2014.08.16,2,22,27,33,36,37,14
610,2014.08.09,14,18,20,23,28,36,33
609,2014.08.02,4,8,27,34,39,40,13
608,2014.07.26,4,8,18,19,39,44,41
607,2014.07.19,8,14,23,36,38,39,13
606,2014.07.12,1,5,6,14,20,39,22
605,2014.07.05,1,2,7,9,10,38,42
604,2014.06.28,2,6,18,21,33,34,30
603,2014.06.21,2,19,25,26,27,43,28
602,2014.06.14,13,14,22,27,30,38,2
601,2014.06.07,2,16,19,31,34,35,37
600,2014.05.31,5,11,14,27,29,36,44
599,2014.05.24,5,12,17,29,34,35,27
598,2014.05.17,4,12,24,33,38,45,22
597,2014.05.10,8,10,23,24,35,43,37
596,2014.05.03,3,4,12,14,25,43,17
595,2014.04.26,8,24,28,35,38,40,5
594,2014.04.19,2,8,13,25,28,37,3
593,2014.04.12,9,10,13,24,33,38,28
592,2014.04.05,2,5,6,13,28,44,43
591,2014.03.29,8,13,14,30,38,39,5
590,2014.03.22,20,30,36,38,41,45,23
589,2014.03.15,6,8,28,33,38,39,22
588,2014.03.08,2,8,15,22,25,41,30
587,2014.03.01,14,21,29,31,32,37,17
586,2014.02.22,2,7,12,15,21,34,5
585,2014.02.15,6,7,10,16,38,41,4
584,2014.02.08,7,18,30,39,40,41,36
583,2014.02.01,8,17,27,33,40,44,24
582,2014.01.25,2,12,14,33,40,41,25
581,2014.01.18,3,5,14,20,42,44,33
580,2014.01.11,5,7,9,11,32,35,33
579,2014.01.04,5,7,20,22,37,42,39
578,2013.12.28,5,12,14,32,34,42,16
577,2013.12.21,16,17,22,31,34,37,33
576,2013.12.14,10,11,15,25,35,41,13
575,2013.12.07,2,8,20,30,33,34,6
574,2013.11.30,14,15,16,19,25,43,2
573,2013.11.23,2,4,20,34,35,43,14
572,2013.11.16,3,13,18,33,37,45,1
571,2013.11.09,11,18,21,26,38,43,29
570,2013.11.02,1,12,26,27,29,33,42
569,2013.10.26,3,6,13,23,24,35,1
568,2013.10.19,1,3,17,20,31,44,40
567,2013.10.12,1,10,15,16,32,41,28
566,2013.10.05,4,5,6,25,26,43,41
565,2013.09.28,4,10,18,27,40,45,38
564,2013.09.21,14,19,25,26,27,34,2
563,2013.09.14,5,10,16,17,31,32,21
562,2013.09.07,4,11,13,17,20,31,33
561,2013.08.31,5,7,18,37,42,45,20
560,2013.08.24,1,4,20,23,29,45,28
559,2013.08.17,11,12,25,32,44,45,23
558,2013.08.10,12,15,19,26,40,43,29
557,2013.08.03,4,20,26,28,35,40,31
556,2013.07.27,12,20,23,28,30,44,43
555,2013.07.20,11,17,21,24,26,36,12
554,2013.07.13,13,14,17,32,41,42,6
553,2013.07.06,2,7,17,28,29,39,37
552,2013.06.29,1,10,20,32,35,40,43
551,2013.06.22,3,6,20,24,27,44,25
550,2013.06.15,1,7,14,20,34,37,41
549,2013.06.08,29,31,35,38,40,44,17
548,2013.06.01,1,12,13,21,32,45,14
547,2013.05.25,6,7,15,22,34,39,28
546,2013.05.18,8,17,20,27,37,43,6
545,2013.05.11,4,24,25,27,34,35,2
544,2013.05.04,5,17,21,25,36,44,10
543,2013.04.27,13,18,26,31,34,44,12
542,2013.04.20,5,6,19,26,41,45,34
541,2013.04.13,8,13,26,28,32,34,43
540,2013.04.06,3,12,13,15,34,36,14
539,2013.03.30,3,19,22,31,42,43,26
538,2013.03.23,6,10,18,31,32,34,11
537,2013.03.16,12,23,26,30,36,43,11
536,2013.03.09,7,8,18,32,37,43,12
535,2013.03.02,11,12,14,15,18,39,34
534,2013.02.23,10,24,26,29,37,38,32
533,2013.02.16,9,14,15,17,31,33,23
532,2013.02.09,16,17,23,24,29,44,3
531,2013.02.02,1,5,9,21,27,35,45
530,2013.01.26,16,23,27,29,33,41,22
529,2013.01.19,18,20,24,27,31,42,39
528,2013.01.12,5,17,25,31,39,40,10
527,2013.01.05,1,12,22,32,33,42,38
526,2012.12.29,7,14,17,20,35,39,31
525,2012.12.22,11,23,26,29,39,44,22
524,2012.12.15,10,11,29,38,41,45,21
523,2012.12.08,1,4,37,38,40,45,7
522,2012.12.01,4,5,13,14,37,41,11
521,2012.11.24,3,7,18,29,32,36,19
520,2012.11.17,4,22,27,28,38,40,1
519,2012.11.10,6,8,13,16,30,43,3
518,2012.11.03,14,23,30,32,34,38,6
517,2012.10.27,1,9,12,28,36,41,10
516,2012.10.20,2,8,23,41,43,44,30
515,2012.10.13,2,11,12,15,23,37,8
514,2012.10.06,1,15,20,26,35,42,9
513,2012.09.29,5,8,21,23,27,33,12
512,2012.09.22,4,5,9,13,26,27,1
511,2012.09.15,3,7,14,23,26,42,24
510,2012.09.08,12,29,32,33,39,40,42
509,2012.09.01,12,25,29,35,42,43,24
508,2012.08.25,5,27,31,34,35,43,37
507,2012.08.18,12,13,32,33,40,41,4
506,2012.08.11,6,9,11,22,24,30,31
505,2012.08.04,7,20,22,25,38,40,44
504,2012.07.28,6,14,22,26,43,44,31
503,2012.07.21,1,5,27,30,34,36,40
502,2012.07.14,6,22,28,32,34,40,26
501,2012.07.07,1,4,10,17,31,42,2
500,2012.06.30,3,4,12,20,24,34,41
499,2012.06.23,5,20,23,27,35,40,43
498,2012.06.16,13,14,24,32,39,41,3
497,2012.06.09,19,20,23,24,43,44,13
496,2012.06.02,4,13,20,29,36,41,39
495,2012.05.26,4,13,22,27,34,44,6
494,2012.05.19,5,7,8,15,30,43,22
493,2012.05.12,20,22,26,33,36,37,25
492,2012.05.05,22,27,31,35,37,40,42
491,2012.04.28,8,17,35,36,39,42,4
490,2012.04.21,2,7,26,29,40,43,42
489,2012.04.14,2,4,8,15,20,27,11
488,2012.04.07,2,8,17,30,31,38,25
487,2012.03.31,4,8,25,27,37,41,21
486,2012.03.24,1,2,23,25,38,40,43
485,2012.03.17,17,22,26,27,36,39,20
484,2012.03.10,1,3,27,28,32,45,11
483,2012.03.03,12,15,19,22,28,34,5
482,2012.02.25,1,10,16,24,25,35,43
481,2012.02.18,3,4,23,29,40,41,20
480,2012.02.11,3,5,10,17,30,31,16
479,2012.02.04,8,23,25,27,35,44,24
478,2012.01.28,18,29,30,37,39,43,8
477,2012.01.21,14,25,29,32,33,45,37
476,2012.01.14,9,12,13,15,37,38,27
475,2012.01.07,1,9,14,16,21,29,3
474,2011.12.31,4,13,18,31,33,45,43
473,2011.12.24,8,13,20,22,23,36,34
472,2011.12.17,16,25,26,31,36,43,44
471,2011.12.10,6,13,29,37,39,41,43
470,2011.12.03,10,16,20,39,41,42,27
469,2011.11.26,4,21,22,34,37,38,33
468,2011.11.19,8,13,15,28,37,43,17
467,2011.11.12,2,12,14,17,24,40,39
466,2011.11.05,4,10,13,23,32,44,20
465,2011.10.29,1,8,11,13,22,38,31
464,2011.10.22,6,12,15,34,42,44,4
463,2011.10.15,23,29,31,33,34,44,40
462,2011.10.08,3,20,24,32,37,45,4
461,2011.10.01,11,18,26,31,37,40,43
460,2011.09.24,8,11,28,30,43,45,41
459,2011.09.17,4,6,10,14,25,40,12
458,2011.09.10,4,9,10,32,36,40,18
457,2011.09.03,8,10,18,23,27,40,33
456,2011.08.27,1,7,12,18,23,27,44
455,2011.08.20,4,19,20,26,30,35,24
454,2011.08.13,13,25,27,34,38,41,10
453,2011.08.06,12,24,33,38,40,42,30
452,2011.07.30,8,10,18,30,32,34,27
451,2011.07.23,12,15,20,24,30,38,29
450,2011.07.16,6,14,19,21,23,31,13
449,2011.07.09,3,10,20,26,35,43,36
448,2011.07.02,3,7,13,27,40,41,36
447,2011.06.25,2,7,8,9,17,33,34
446,2011.06.18,1,11,12,14,26,35,6
445,2011.06.11,13,20,21,30,39,45,32
444,2011.06.04,11,13,23,35,43,45,17
443,2011.05.28,4,6,10,19,20,44,14
442,2011.05.21,25,27,29,36,38,40,41
441,2011.05.14,1,23,28,30,34,35,9
440,2011.05.07,10,22,28,34,36,44,2
439,2011.04.30,17,20,30,31,37,40,25
438,2011.04.23,6,12,20,26,29,38,45
437,2011.04.16,11,16,29,38,41,44,21
436,2011.04.09,9,14,20,22,33,34,28
435,2011.04.02,8,16,26,30,38,45,42
434,2011.03.26,3,13,20,24,33,37,35
433,2011.03.19,19,23,29,33,35,43,27
432,2011.03.12,2,3,5,11,27,39,33
431,2011.03.05,18,22,25,31,38,45,6
430,2011.02.26,1,3,16,18,30,34,44
429,2011.02.19,3,23,28,34,39,42,16
428,2011.02.12,12,16,19,22,37,40,8
427,2011.02.05,6,7,15,24,28,30,21
426,2011.01.29,4,17,18,27,39,43,19
425,2011.01.22,8,10,14,27,33,38,3
424,2011.01.15,10,11,26,31,34,44,30
423,2011.01.08,1,17,27,28,29,40,5
422,2011.01.01,8,15,19,21,34,44,12
421,2010.12.25,6,11,26,27,28,44,30
420,2010.12.18,4,9,10,29,31,34,27
419,2010.12.11,2,11,13,14,28,30,7
418,2010.12.04,11,13,15,26,28,34,31
417,2010.11.27,4,5,14,20,22,43,44
416,2010.11.20,5,6,8,11,22,26,44
415,2010.11.13,7,17,20,26,30,40,24
414,2010.11.06,2,14,15,22,23,44,43
413,2010.10.30,2,9,15,23,34,40,3
412,2010.10.23,4,7,39,41,42,45,40
411,2010.10.16,11,14,22,35,37,39,5
410,2010.10.09,1,3,18,32,40,41,16
409,2010.10.02,6,9,21,31,32,40,38
408,2010.09.25,9,20,21,22,30,37,16
407,2010.09.18,6,7,13,16,24,25,1
406,2010.09.11,7,12,21,24,27,36,45
405,2010.09.04,1,2,10,25,26,44,4
404,2010.08.28,5,20,21,24,33,40,36
403,2010.08.21,10,14,22,24,28,37,26
402,2010.08.14,5,9,15,19,22,36,32
401,2010.08.07,6,12,18,31,38,43,9
400,2010.07.31,9,21,27,34,41,43,2
399,2010.07.24,1,2,9,17,19,42,20
398,2010.07.17,10,15,20,23,42,44,7
397,2010.07.10,12,13,17,22,25,33,8
396,2010.07.03,18,20,31,34,40,45,30
395,2010.06.26,11,15,20,26,31,35,7
394,2010.06.19,1,13,20,22,25,28,15
393,2010.06.12,9,16,28,40,41,43,21
392,2010.06.05,1,3,7,8,24,42,43
391,2010.05.29,10,11,18,22,28,39,30
390,2010.05.22,16,17,28,37,39,40,15
389,2010.05.15,7,16,18,20,23,26,3
388,2010.05.08,1,8,9,17,29,32,45
387,2010.05.01,1,26,31,34,40,43,20
386,2010.04.24,4,7,10,19,31,40,26
385,2010.04.17,7,12,19,21,29,32,9
384,2010.04.10,11,22,24,32,36,38,7
383,2010.04.03,4,15,28,33,37,40,25
382,2010.03.27,10,15,22,24,27,42,19
381,2010.03.20,1,5,10,12,16,20,11
380,2010.03.13,1,2,8,17,26,37,27
379,2010.03.06,6,10,22,31,35,40,19
378,2010.02.27,5,22,29,31,34,39,43
377,2010.02.20,6,22,29,37,43,45,23
376,2010.02.13,1,11,13,24,28,40,7
375,2010.02.06,4,8,19,25,27,45,7
374,2010.01.30,11,13,15,17,25,34,26
373,2010.01.23,15,26,37,42,43,45,9
372,2010.01.16,8,11,14,16,18,21,13
371,2010.01.09,7,9,15,26,27,42,18
370,2010.01.02,16,18,24,42,44,45,17
369,2009.12.26,17,20,35,36,41,43,21
368,2009.12.19,11,21,24,30,39,45,26
367,2009.12.12,3,22,25,29,32,44,19
366,2009.12.05,5,12,19,26,27,44,38
365,2009.11.28,5,15,21,25,26,30,31
364,2009.11.21,2,5,7,14,16,40,4
363,2009.11.14,11,12,14,21,32,38,6
362,2009.11.07,2,3,22,27,30,40,29
361,2009.10.31,5,10,16,24,27,35,33
360,2009.10.24,4,16,23,25,35,40,27
359,2009.10.17,1,10,19,20,24,40,23
358,2009.10.10,1,9,10,12,21,40,37
357,2009.10.03,10,14,18,21,36,37,5
356,2009.09.26,2,8,14,25,29,45,24
355,2009.09.19,5,8,29,30,35,44,38
354,2009.09.12,14,19,36,43,44,45,1
353,2009.09.05,11,16,19,22,29,36,26
352,2009.08.29,5,16,17,20,26,41,24
351,2009.08.22,5,25,27,29,34,36,33
350,2009.08.15,1,8,18,24,29,33,35
349,2009.08.08,5,13,14,20,24,25,36
348,2009.08.01,3,14,17,20,24,31,34
347,2009.07.25,3,8,13,27,32,42,10
346,2009.07.18,5,13,14,22,44,45,33
345,2009.07.11,15,20,23,29,39,42,2
344,2009.07.04,1,2,15,28,34,45,38
343,2009.06.27,1,10,17,29,31,43,15
342,2009.06.20,1,13,14,33,34,43,25
341,2009.06.13,1,8,19,34,39,43,41
340,2009.06.06,18,24,26,29,34,38,32
339,2009.05.30,6,8,14,21,30,37,45
338,2009.05.23,2,13,34,38,42,45,16
337,2009.05.16,1,5,14,18,32,37,4
336,2009.05.09,3,5,20,34,35,44,16
335,2009.05.02,5,9,16,23,26,45,21
334,2009.04.25,13,15,21,29,39,43,33
333,2009.04.18,5,14,27,30,39,43,35
332,2009.04.11,16,17,34,36,42,45,3
331,2009.04.04,4,9,14,26,31,44,39
330,2009.03.28,3,4,16,17,19,20,23
329,2009.03.21,9,17,19,30,35,42,4
328,2009.03.14,1,6,9,16,17,28,24
327,2009.03.07,6,12,13,17,32,44,24
326,2009.02.28,16,23,25,33,36,39,40
325,2009.02.21,7,17,20,32,44,45,33
324,2009.02.14,2,4,21,25,33,36,17
323,2009.02.07,10,14,15,32,36,42,3
322,2009.01.31,9,18,29,32,38,43,20
321,2009.01.24,12,18,20,21,25,34,42
320,2009.01.17,16,19,23,25,41,45,3
319,2009.01.10,5,8,22,28,33,42,37
318,2009.01.03,2,17,19,20,34,45,21
317,2008.12.27,3,10,11,22,36,39,8
316,2008.12.20,10,11,21,27,31,39,43
315,2008.12.13,1,13,33,35,43,45,23
314,2008.12.06,15,17,19,34,38,41,2
313,2008.11.29,9,17,34,35,43,45,2
312,2008.11.22,2,3,5,6,12,20,25
311,2008.11.15,4,12,24,27,28,32,10
310,2008.11.08,1,5,19,28,34,41,16
309,2008.11.01,1,2,5,11,18,36,22
308,2008.10.25,14,15,17,19,37,45,40
307,2008.10.18,5,15,21,23,25,45,12
306,2008.10.11,4,18,23,30,34,41,19
305,2008.10.04,7,8,18,21,23,39,9
304,2008.09.27,4,10,16,26,33,41,38
303,2008.09.20,2,14,17,30,38,45,43
302,2008.09.13,13,19,20,32,38,42,4
301,2008.09.06,7,11,13,33,37,43,26
300,2008.08.30,7,9,10,12,26,38,39
299,2008.08.23,1,3,20,25,36,45,24
298,2008.08.16,5,9,27,29,37,40,19
297,2008.08.09,6,11,19,20,28,32,34
296,2008.08.02,3,8,15,27,30,45,44
295,2008.07.26,1,4,12,16,18,38,8
294,2008.07.19,6,10,17,30,37,38,40
293,2008.07.12,1,9,17,21,29,33,24
292,2008.07.05,17,18,31,32,33,34,10
291,2008.06.28,3,7,8,18,20,42,45
290,2008.06.21,8,13,18,32,39,45,7
289,2008.06.14,3,14,33,37,38,42,10
288,2008.06.07,1,12,17,28,35,41,10
287,2008.05.31,6,12,24,27,35,37,41
286,2008.05.24,1,15,19,40,42,44,17
285,2008.05.17,13,33,37,40,41,45,2
284,2008.05.10,2,7,15,24,30,45,28
283,2008.05.03,6,8,18,31,38,45,42
282,2008.04.26,2,5,10,18,31,32,30
281,2008.04.19,1,3,4,6,14,41,12
280,2008.04.12,10,11,23,24,36,37,35
279,2008.04.05,7,16,31,36,37,38,11
278,2008.03.29,3,11,37,39,41,43,13
277,2008.03.22,10,12,13,15,25,29,20
276,2008.03.15,4,15,21,33,39,41,25
275,2008.03.08,14,19,20,35,38,40,26
274,2008.03.01,13,14,15,26,35,39,25
273,2008.02.23,1,8,24,31,34,44,6
272,2008.02.16,7,9,12,27,39,43,28
271,2008.02.09,3,8,9,27,29,40,36
270,2008.02.02,5,9,12,20,21,26,27
269,2008.01.26,5,18,20,36,42,43,32
268,2008.01.19,3,10,19,24,32,45,12
267,2008.01.12,7,8,24,34,36,41,1
266,2008.01.05,3,4,9,11,22,42,37
265,2007.12.29,5,9,34,37,38,39,12
264,2007.12.22,9,16,27,36,41,44,5
263,2007.12.15,1,27,28,32,37,40,18
262,2007.12.08,9,12,24,25,29,31,36
261,2007.12.01,6,11,16,18,31,43,2
260,2007.11.24,7,12,15,24,37,40,43
259,2007.11.17,4,5,14,35,42,45,34
258,2007.11.10,14,27,30,31,38,40,17
257,2007.11.03,6,13,27,31,32,37,4
256,2007.10.27,4,11,14,21,23,43,32
255,2007.10.20,1,5,6,24,27,42,32
254,2007.10.13,1,5,19,20,24,30,27
253,2007.10.06,8,19,25,31,34,36,33
252,2007.09.29,14,23,26,31,39,45,28
251,2007.09.22,6,7,19,25,28,38,45
250,2007.09.15,19,23,30,37,43,45,38
249,2007.09.08,3,8,27,31,41,44,11
248,2007.09.01,3,8,17,23,38,45,13
247,2007.08.25,12,15,28,36,39,40,13
246,2007.08.18,13,18,21,23,26,39,15
245,2007.08.11,9,11,27,31,32,38,22
244,2007.08.04,13,16,25,36,37,38,19
243,2007.07.28,2,12,17,19,28,42,34
242,2007.07.21,4,19,20,21,32,34,43
241,2007.07.14,2,16,24,27,28,35,21
240,2007.07.07,6,10,16,40,41,43,21
239,2007.06.30,11,15,24,39,41,44,7
238,2007.06.23,2,4,15,28,31,34,35
237,2007.06.16,1,11,17,21,24,44,33
236,2007.06.09,1,4,8,13,37,39,7
235,2007.06.02,21,22,26,27,31,37,8
234,2007.05.26,13,21,22,24,26,37,4
233,2007.05.19,4,6,13,17,28,40,39
232,2007.05.12,8,9,10,12,24,44,35
231,2007.05.05,5,10,19,31,44,45,27
230,2007.04.28,5,11,14,29,32,33,12
229,2007.04.21,4,5,9,11,23,38,35
228,2007.04.14,17,25,35,36,39,44,23
227,2007.04.07,4,5,15,16,22,42,2
226,2007.03.31,2,6,8,14,21,22,34
225,2007.03.24,5,11,13,19,31,36,7
224,2007.03.17,4,19,26,27,30,42,7
223,2007.03.10,1,3,18,20,26,27,38
222,2007.03.03,5,7,28,29,39,43,44
221,2007.02.24,2,20,33,35,37,40,10
220,2007.02.17,5,11,19,21,34,43,31
219,2007.02.10,4,11,20,26,35,37,16
218,2007.02.03,1,8,14,18,29,44,20
217,2007.01.27,16,20,27,33,35,39,38
216,2007.01.20,7,16,17,33,36,40,1
215,2007.01.13,2,3,7,15,43,44,4
214,2007.01.06,5,7,20,25,28,37,32
213,2006.12.30,2,3,4,5,20,24,42
212,2006.12.23,11,12,18,21,31,38,8
211,2006.12.16,12,13,17,20,33,41,8
210,2006.12.09,10,19,22,23,25,37,39
209,2006.12.02,2,7,18,20,24,33,37
208,2006.11.25,14,25,31,34,40,44,24
207,2006.11.18,3,11,14,31,32,37,38
206,2006.11.11,1,2,3,15,20,25,43
205,2006.11.04,1,3,21,29,35,37,30
204,2006.10.28,3,12,14,35,40,45,5
203,2006.10.21,1,3,11,24,30,32,7
202,2006.10.14,12,14,27,33,39,44,17
201,2006.10.07,3,11,24,38,39,44,26
200,2006.09.30,5,6,13,14,17,20,7
199,2006.09.23,14,21,22,25,30,36,43
198,2006.09.16,12,19,20,25,41,45,2
197,2006.09.09,7,12,16,34,42,45,4
196,2006.09.02,35,36,37,41,44,45,30
195,2006.08.26,7,10,19,22,35,40,31
194,2006.08.19,15,20,23,26,39,44,28
193,2006.08.12,6,14,18,26,36,39,13
192,2006.08.05,4,8,11,18,37,45,33
191,2006.07.29,5,6,24,25,32,37,8
190,2006.07.22,8,14,18,30,31,44,15
189,2006.07.15,8,14,32,35,37,45,28
188,2006.07.08,19,24,27,30,31,34,36
187,2006.07.01,1,2,8,18,29,38,42
186,2006.06.24,4,10,14,19,21,45,9
185,2006.06.17,1,2,4,8,19,38,14
184,2006.06.10,1,2,6,16,20,33,41
183,2006.06.03,2,18,24,34,40,42,5
182,2006.05.27,13,15,27,29,34,40,35
181,2006.05.20,14,21,23,32,40,45,44
180,2006.05.13,2,15,20,21,29,34,22
179,2006.05.06,5,9,17,25,39,43,32
178,2006.04.29,1,5,11,12,18,23,9
177,2006.04.22,1,10,13,16,37,43,6
176,2006.04.15,4,17,30,32,33,34,15
175,2006.04.08,19,26,28,31,33,36,17
174,2006.04.01,13,14,18,22,35,39,16
173,2006.03.25,3,9,24,30,33,34,18
172,2006.03.18,4,19,21,24,26,41,35
171,2006.03.11,4,16,25,29,34,35,1
170,2006.03.04,2,11,13,15,31,42,10
169,2006.02.25,16,27,35,37,43,45,19
168,2006.02.18,3,10,31,40,42,43,30
167,2006.02.11,24,27,28,30,36,39,4
166,2006.02.04,9,12,27,36,39,45,14
165,2006.01.28,5,13,18,19,22,42,31
164,2006.01.21,6,9,10,11,39,41,27
163,2006.01.14,7,11,26,28,29,44,16
162,2006.01.07,1,5,21,25,38,41,24
161,2005.12.31,22,34,36,40,42,45,44
160,2005.12.24,3,7,8,34,39,41,1
159,2005.12.17,1,18,30,41,42,43,32
158,2005.12.10,4,9,13,18,21,34,7
157,2005.12.03,19,26,30,33,35,39,37
156,2005.11.26,5,18,28,30,42,45,2
155,2005.11.19,16,19,20,32,33,41,4
154,2005.11.12,6,19,21,35,40,45,20
153,2005.11.05,3,8,11,12,13,36,33
152,2005.10.29,1,5,13,26,29,34,43
151,2005.10.22,1,2,10,13,18,19,15
150,2005.10.15,2,18,25,28,37,39,16
149,2005.10.08,2,11,21,34,41,42,27
148,2005.10.01,21,25,33,34,35,36,17
147,2005.09.24,4,6,13,21,40,42,36
146,2005.09.17,2,19,27,35,41,42,25
145,2005.09.10,2,3,13,20,27,44,9
144,2005.09.03,4,15,17,26,36,37,43
143,2005.08.27,26,27,28,42,43,45,8
142,2005.08.20,12,16,30,34,40,44,19
141,2005.08.13,8,12,29,31,42,43,2
140,2005.08.06,3,13,17,18,19,28,8
139,2005.07.30,9,11,15,20,28,43,13
138,2005.07.23,10,11,27,28,37,39,19
137,2005.07.16,7,9,20,25,36,39,15
136,2005.07.09,2,16,30,36,41,42,11
135,2005.07.02,6,14,22,28,35,39,16
134,2005.06.25,3,12,20,23,31,35,43
133,2005.06.18,4,7,15,18,23,26,13
132,2005.06.11,3,17,23,34,41,45,43
131,2005.06.04,8,10,11,14,15,21,37
130,2005.05.28,7,19,24,27,42,45,31
129,2005.05.21,19,23,25,28,38,42,17
128,2005.05.14,12,30,34,36,37,45,39
127,2005.05.07,3,5,10,29,32,43,35
126,2005.04.30,7,20,22,27,40,43,1
125,2005.04.23,2,8,32,33,35,36,18
124,2005.04.16,4,16,23,25,29,42,1
123,2005.04.09,7,17,18,28,30,45,27
122,2005.04.02,1,11,16,17,36,40,8
121,2005.03.26,12,28,30,34,38,43,9
120,2005.03.19,4,6,10,11,32,37,30
119,2005.03.12,3,11,13,14,17,21,38
118,2005.03.05,3,4,10,17,19,22,38
117,2005.02.26,5,10,22,34,36,44,35
116,2005.02.19,2,4,25,31,34,37,17
115,2005.02.12,1,2,6,9,25,28,31
114,2005.02.05,11,14,19,26,28,41,2
113,2005.01.29,4,9,28,33,36,45,26
112,2005.01.22,26,29,30,33,41,42,43
111,2005.01.15,7,18,31,33,36,40,27
110,2005.01.08,7,20,22,23,29,43,1
109,2005.01.01,1,5,34,36,42,44,33
108,2004.12.25,7,18,22,23,29,44,12
107,2004.12.18,1,4,5,6,9,31,17
106,2004.12.11,4,10,12,22,24,33,29
105,2004.12.04,8,10,20,34,41,45,28
104,2004.11.27,17,32,33,34,42,44,35
103,2004.11.20,5,14,15,27,30,45,10
102,2004.11.13,17,22,24,26,35,40,42
101,2004.11.06,1,3,17,32,35,45,8
100,2004.10.30,1,7,11,23,37,42,6
99,2004.10.23,1,3,10,27,29,37,11
98,2004.10.16,6,9,16,23,24,32,43
97,2004.10.09,6,7,14,15,20,36,3
96,2004.10.02,1,3,8,21,22,31,20
95,2004.09.25,8,17,27,31,34,43,14
94,2004.09.18,5,32,34,40,41,45,6
93,2004.09.11,6,22,24,36,38,44,19
92,2004.09.04,3,14,24,33,35,36,17
91,2004.08.28,1,21,24,26,29,42,27
90,2004.08.21,17,20,29,35,38,44,10
89,2004.08.14,4,26,28,29,33,40,37
88,2004.08.07,1,17,20,24,30,41,27
87,2004.07.31,4,12,16,23,34,43,26
86,2004.07.24,2,12,37,39,41,45,33
85,2004.07.17,6,8,13,23,31,36,21
84,2004.07.10,16,23,27,34,42,45,11
83,2004.07.03,6,10,15,17,19,34,14
82,2004.06.26,1,2,3,14,27,42,39
81,2004.06.19,5,7,11,13,20,33,6
80,2004.06.12,17,18,24,25,26,30,1
79,2004.06.05,3,12,24,27,30,32,14
78,2004.05.29,10,13,25,29,33,35,38
77,2004.05.22,2,18,29,32,43,44,37
76,2004.05.15,1,3,15,22,25,37,43
75,2004.05.08,2,5,24,32,34,44,28
74,2004.05.01,6,15,17,18,35,40,23
73,2004.04.24,3,12,18,32,40,43,38
72,2004.04.17,2,4,11,17,26,27,1
71,2004.04.10,5,9,12,16,29,41,21
70,2004.04.03,5,19,22,25,28,43,26
69,2004.03.27,5,8,14,15,19,39,35
68,2004.03.20,10,12,15,16,26,39,38
67,2004.03.13,3,7,10,15,36,38,33
66,2004.03.06,2,3,7,17,22,24,45
65,2004.02.28,4,25,33,36,40,43,39
64,2004.02.21,14,15,18,21,26,36,39
63,2004.02.14,3,20,23,36,38,40,5
62,2004.02.07,3,8,15,27,29,35,21
61,2004.01.31,14,15,19,30,38,43,8
60,2004.01.24,2,8,25,36,39,42,11
59,2004.01.17,6,29,36,39,41,45,13
58,2004.01.10,10,24,25,33,40,44,1
57,2004.01.03,7,10,16,25,29,44,6
56,2003.12.27,10,14,30,31,33,37,19
55,2003.12.20,17,21,31,37,40,44,7
54,2003.12.13,1,8,21,27,36,39,37
53,2003.12.06,7,8,14,32,33,39,42
52,2003.11.29,2,4,15,16,20,29,1
51,2003.11.22,2,3,11,16,26,44,35
50,2003.11.15,2,10,12,15,22,44,1
49,2003.11.08,4,7,16,19,33,40,30
48,2003.11.01,6,10,18,26,37,38,3
47,2003.10.25,14,17,26,31,36,45,27
46,2003.10.18,8,13,15,23,31,38,39
45,2003.10.11,1,10,20,27,33,35,17
44,2003.10.04,3,11,21,30,38,45,39
43,2003.09.27,6,31,35,38,39,44,1
42,2003.09.20,17,18,19,21,23,32,1
41,2003.09.13,13,20,23,35,38,43,34
40,2003.09.06,7,13,18,19,25,26,6
39,2003.08.30,6,7,13,15,21,43,8
38,2003.08.23,16,17,22,30,37,43,36
37,2003.08.16,7,27,30,33,35,37,42
36,2003.08.09,1,10,23,26,28,40,31
35,2003.08.02,2,3,11,26,37,43,39
34,2003.07.26,9,26,35,37,40,42,2
33,2003.07.19,4,7,32,33,40,41,9
32,2003.07.12,6,14,19,25,34,44,11
31,2003.07.05,7,9,18,23,28,35,32
30,2003.06.28,8,17,20,35,36,44,4
29,2003.06.21,1,5,13,34,39,40,11
28,2003.06.14,9,18,23,25,35,37,1
27,2003.06.07,1,20,26,28,37,43,27
26,2003.05.31,4,5,7,18,20,25,31
25,2003.05.24,2,4,21,26,43,44,16
24,2003.05.17,7,8,27,29,36,43,6
23,2003.05.10,5,13,17,18,33,42,44
22,2003.05.03,4,5,6,8,17,39,25
21,2003.04.26,6,12,17,18,31,32,21
20,2003.04.19,10,14,18,20,23,30,41
19,2003.04.12,6,30,38,39,40,43,26
18,2003.04.05,3,12,13,19,32,35,29
17,2003.03.29,3,4,9,17,32,37,1
16,2003.03.22,6,7,24,37,38,40,33
15,2003.03.15,3,4,16,30,31,37,13
14,2003.03.08,2,6,12,31,33,40,15
13,2003.03.01,22,23,25,37,38,42,26
12,2003.02.22,2,11,21,25,39,45,44
11,2003.02.15,1,7,36,37,41,42,14
10,2003.02.08,9,25,30,33,41,44,6
9,2003.02.01,2,4,16,17,36,39,14
8,2003.01.25,8,19,25,34,37,39,9
7,2003.01.18,2,9,16,25,26,40,42
6,2003.01.11,14,15,26,27,40,42,34
5,2003.01.04,16,24,29,40,41,42,3
4,2002.12.28,14,27,30,31,40,42,2
3,2002.12.21,11,16,19,21,27,31,30
2,2002.12.14,9,13,21,25,32,42,2
1,2002.12.07,10,23,29,33,37,40,16
